{"cameraMode":{"drawMode":0,"name":"Shaded","section":"Shading Mode"},"sceneLighting":false,"audioPlay":false,"sceneViewState":{"showFog":true,"showMaterialUpdate":false,"showSkybox":false,"showFlares":true,"showImageEffects":true,"showParticleSystems":true},"in2DMode":false,"pivot":{"x":1.6837379932403565,"y":1.4486058950424195,"z":-0.8694143295288086},"rotation":{"x":0.003801279468461871,"y":0.9838473796844482,"z":-0.020966725423932077,"w":0.17781391739845277},"size":3.1333653926849367,"orthographic":false}