{"cameraMode":{"drawMode":0,"name":"Shaded","section":"Shading Mode"},"sceneLighting":false,"audioPlay":false,"sceneViewState":{"showFog":true,"showMaterialUpdate":false,"showSkybox":false,"showFlares":true,"showImageEffects":true,"showParticleSystems":true},"in2DMode":false,"pivot":{"x":0.44973576068878176,"y":0.4710496962070465,"z":0.3049135208129883},"rotation":{"x":0.023739444091916086,"y":0.9762960076332092,"z":-0.1523580402135849,"w":0.15203329920768739},"size":0.6443577408790588,"orthographic":false}