{"cameraMode":{"drawMode":0,"name":"Shaded","section":"Shading Mode"},"sceneLighting":false,"audioPlay":false,"sceneViewState":{"showFog":true,"showMaterialUpdate":false,"showSkybox":false,"showFlares":true,"showImageEffects":true,"showParticleSystems":true},"in2DMode":false,"pivot":{"x":124.6370849609375,"y":81.73828125,"z":-7.09375},"rotation":{"x":0.06326815485954285,"y":-0.006859924178570509,"z":0.00045525369932875037,"w":0.9980011582374573},"size":78.8939208984375,"orthographic":true}