{"cameraMode":{"drawMode":0,"name":"Shaded","section":"Shading Mode"},"sceneLighting":false,"audioPlay":false,"sceneViewState":{"showFog":true,"showMaterialUpdate":false,"showSkybox":false,"showFlares":true,"showImageEffects":true,"showParticleSystems":true},"in2DMode":false,"pivot":{"x":-0.1064220443367958,"y":0.7169734835624695,"z":-0.009593844413757325},"rotation":{"x":0.06258777529001236,"y":-0.9072418808937073,"z":0.14577119052410127,"w":0.38958698511123659},"size":1.207395076751709,"orthographic":false}