{"cameraMode":{"drawMode":0,"name":"Shaded","section":"Shading Mode"},"sceneLighting":false,"audioPlay":false,"sceneViewState":{"showFog":true,"showMaterialUpdate":false,"showSkybox":false,"showFlares":true,"showImageEffects":true,"showParticleSystems":true},"in2DMode":false,"pivot":{"x":0.6943943500518799,"y":-0.10317457467317581,"z":-0.5749263167381287},"rotation":{"x":-0.021894358098506929,"y":-0.8903624415397644,"z":0.04304323345422745,"w":-0.4527142643928528},"size":1.1660254001617432,"orthographic":false}