{"cameraMode":{"drawMode":0,"name":"Shaded","section":"Shading Mode"},"sceneLighting":false,"audioPlay":false,"sceneViewState":{"showFog":true,"showMaterialUpdate":false,"showSkybox":false,"showFlares":true,"showImageEffects":true,"showParticleSystems":true},"in2DMode":false,"pivot":{"x":23.150779724121095,"y":-30.389572143554689,"z":163.17138671875},"rotation":{"x":-0.27387547492980959,"y":-0.1102069839835167,"z":0.03161000460386276,"w":-0.9549126029014587},"size":151.2123260498047,"orthographic":false}