{"cameraMode":{"drawMode":0,"name":"Shaded","section":"Shading Mode"},"sceneLighting":false,"audioPlay":false,"sceneViewState":{"showFog":true,"showMaterialUpdate":false,"showSkybox":false,"showFlares":true,"showImageEffects":true,"showParticleSystems":true},"in2DMode":false,"pivot":{"x":349.886962890625,"y":221.33642578125,"z":-0.01953125},"rotation":{"x":0.05278582498431206,"y":-0.0068643223494291309,"z":0.0003832270158454776,"w":0.998610258102417},"size":278.4037780761719,"orthographic":true}