{"cameraMode":{"drawMode":0,"name":"Shaded","section":"Shading Mode"},"sceneLighting":false,"audioPlay":false,"sceneViewState":{"showFog":true,"showMaterialUpdate":false,"showSkybox":false,"showFlares":true,"showImageEffects":true,"showParticleSystems":true},"in2DMode":false,"pivot":{"x":-4.470348358154297e-8,"y":1.1920928955078126e-7,"z":0.49534112215042117},"rotation":{"x":-0.0015002918662503362,"y":-0.9880217909812927,"z":0.15418954193592072,"w":-0.009460228495299816},"size":0.694111168384552,"orthographic":false}