{"cameraMode":{"drawMode":0,"name":"Shaded","section":"Shading Mode"},"sceneLighting":false,"audioPlay":false,"sceneViewState":{"showFog":true,"showMaterialUpdate":false,"showSkybox":false,"showFlares":true,"showImageEffects":true,"showParticleSystems":true},"in2DMode":false,"pivot":{"x":0.6745051741600037,"y":0.7952142357826233,"z":0.37271082401275637},"rotation":{"x":0.1710710972547531,"y":-0.3935786485671997,"z":0.07480636239051819,"w":0.9001514315605164},"size":0.6941114068031311,"orthographic":false}