{"cameraMode":{"drawMode":0,"name":"Shaded","section":"Shading Mode"},"sceneLighting":false,"audioPlay":false,"sceneViewState":{"showFog":true,"showMaterialUpdate":false,"showSkybox":false,"showFlares":true,"showImageEffects":true,"showParticleSystems":true},"in2DMode":false,"pivot":{"x":-0.960637629032135,"y":-0.2202991247177124,"z":0.28180360794067385},"rotation":{"x":-0.06840451061725617,"y":0.9206795692443848,"z":-0.1878902018070221,"w":-0.3352411091327667},"size":3.908961296081543,"orthographic":false}