{"cameraMode":{"drawMode":0,"name":"Shaded","section":"Shading Mode"},"sceneLighting":false,"audioPlay":false,"sceneViewState":{"showFog":true,"showMaterialUpdate":false,"showSkybox":false,"showFlares":true,"showImageEffects":true,"showParticleSystems":true},"in2DMode":false,"pivot":{"x":0.39228153228759768,"y":0.46447622776031496,"z":0.016097426414489747},"rotation":{"x":-0.020877476781606675,"y":0.9787753224372864,"z":-0.13026544451713563,"w":-0.15696601569652558},"size":1.082007884979248,"orthographic":false}