{"cameraMode":{"drawMode":0,"name":"Shaded","section":"Shading Mode"},"sceneLighting":false,"audioPlay":false,"sceneViewState":{"showFog":true,"showMaterialUpdate":false,"showSkybox":false,"showFlares":true,"showImageEffects":true,"showParticleSystems":true},"in2DMode":false,"pivot":{"x":0.5892407894134522,"y":1.9284917116165162,"z":-2.317481517791748},"rotation":{"x":-0.053653936833143237,"y":-0.020659426227211953,"z":-0.0011027345899492503,"w":0.9983633756637573},"size":1.5996503829956055,"orthographic":false}