{"cameraMode":{"drawMode":0,"name":"Shaded","section":"Shading Mode"},"sceneLighting":false,"audioPlay":false,"sceneViewState":{"showFog":true,"showMaterialUpdate":false,"showSkybox":false,"showFlares":true,"showImageEffects":true,"showParticleSystems":true},"in2DMode":false,"pivot":{"x":0.0,"y":0.0021669864654541017,"z":0.05157196521759033},"rotation":{"x":0.026184620335698129,"y":0.8589079976081848,"z":-0.04410155862569809,"w":0.5095978379249573},"size":1.7031688690185547,"orthographic":false}