{"cameraMode":{"drawMode":0,"name":"Shaded","section":"Shading Mode"},"sceneLighting":false,"audioPlay":false,"sceneViewState":{"showFog":true,"showMaterialUpdate":false,"showSkybox":false,"showFlares":true,"showImageEffects":true,"showParticleSystems":true},"in2DMode":false,"pivot":{"x":-0.24276232719421388,"y":0.0947427749633789,"z":-1.0252599716186524},"rotation":{"x":0.0781116932630539,"y":-0.9019396901130676,"z":0.18407092988491059,"w":0.382850706577301},"size":2.240187168121338,"orthographic":false}