{"cameraMode":{"drawMode":0,"name":"Shaded","section":"Shading Mode"},"sceneLighting":false,"audioPlay":false,"sceneViewState":{"showFog":true,"showMaterialUpdate":false,"showSkybox":false,"showFlares":true,"showImageEffects":true,"showParticleSystems":true},"in2DMode":false,"pivot":{"x":3.4499998092651369,"y":1.6350715160369874,"z":-3.940000057220459},"rotation":{"x":0.13881482183933259,"y":-0.08721661567687988,"z":0.012281962670385838,"w":0.9864103198051453},"size":2.000349521636963,"orthographic":false}