{"cameraMode":{"drawMode":0,"name":"Shaded","section":"Shading Mode"},"sceneLighting":false,"audioPlay":false,"sceneViewState":{"showFog":true,"showMaterialUpdate":false,"showSkybox":false,"showFlares":true,"showImageEffects":true,"showParticleSystems":true},"in2DMode":false,"pivot":{"x":0.03721556067466736,"y":0.75424724817276,"z":0.16381466388702393},"rotation":{"x":0.13881482183933259,"y":-0.08721661567687988,"z":0.012281962670385838,"w":0.9864103198051453},"size":1.5469377040863038,"orthographic":false}