{"cameraMode":{"drawMode":0,"name":"Shaded","section":"Shading Mode"},"sceneLighting":false,"audioPlay":false,"sceneViewState":{"showFog":true,"showMaterialUpdate":false,"showSkybox":false,"showFlares":true,"showImageEffects":true,"showParticleSystems":true},"in2DMode":false,"pivot":{"x":1.7422715425491334,"y":0.7129082679748535,"z":1.1103826761245728},"rotation":{"x":0.023739444091916086,"y":0.9762960076332092,"z":-0.1523580402135849,"w":0.15203329920768739},"size":0.16295966506004334,"orthographic":false}