{"cameraMode":{"drawMode":0,"name":"Shaded","section":"Shading Mode"},"sceneLighting":false,"audioPlay":false,"sceneViewState":{"showFog":true,"showMaterialUpdate":false,"showSkybox":false,"showFlares":true,"showImageEffects":true,"showParticleSystems":true},"in2DMode":false,"pivot":{"x":-0.735421895980835,"y":0.19011670351028443,"z":-0.4134025573730469},"rotation":{"x":-0.04076838120818138,"y":0.8952405452728272,"z":-0.08378524333238602,"w":-0.43578478693962099},"size":1.6566779613494874,"orthographic":false}