{"cameraMode":{"drawMode":0,"name":"Shaded","section":"Shading Mode"},"sceneLighting":false,"audioPlay":false,"sceneViewState":{"showFog":true,"showMaterialUpdate":false,"showSkybox":false,"showFlares":true,"showImageEffects":true,"showParticleSystems":true},"in2DMode":false,"pivot":{"x":1.4397436380386353,"y":0.14698989689350129,"z":0.9059428572654724},"rotation":{"x":0.023739444091916086,"y":0.9762960076332092,"z":-0.1523580402135849,"w":0.15203329920768739},"size":0.1566779613494873,"orthographic":false}