{"cameraMode":{"drawMode":0,"name":"Shaded","section":"Shading Mode"},"sceneLighting":false,"audioPlay":false,"sceneViewState":{"showFog":true,"showMaterialUpdate":false,"showSkybox":false,"showFlares":true,"showImageEffects":true,"showParticleSystems":true},"in2DMode":false,"pivot":{"x":0.05975019931793213,"y":0.7222596406936646,"z":2.6170239448547365},"rotation":{"x":0.17689025402069093,"y":0.16220566630363465,"z":-0.02954000234603882,"w":0.970350980758667},"size":1.3350024223327637,"orthographic":false}