{"cameraMode":{"drawMode":0,"name":"Shaded","section":"Shading Mode"},"sceneLighting":false,"audioPlay":false,"sceneViewState":{"showFog":true,"showMaterialUpdate":false,"showSkybox":false,"showFlares":true,"showImageEffects":true,"showParticleSystems":true},"in2DMode":false,"pivot":{"x":1.5030028820037842,"y":2.3830761909484865,"z":3.897737503051758},"rotation":{"x":-0.2291547805070877,"y":-0.028615960851311685,"z":0.006739278789609671,"w":-0.9729527831077576},"size":5.155102729797363,"orthographic":false}