{"cameraMode":{"drawMode":0,"name":"Shaded","section":"Shading Mode"},"sceneLighting":false,"audioPlay":false,"sceneViewState":{"showFog":true,"showMaterialUpdate":false,"showSkybox":false,"showFlares":true,"showImageEffects":true,"showParticleSystems":true},"in2DMode":false,"pivot":{"x":1.3735086917877198,"y":-0.9682111740112305,"z":3.226576805114746},"rotation":{"x":-0.16381515562534333,"y":0.09366021305322647,"z":-0.015625489875674249,"w":-0.9819157719612122},"size":5.3629469871521,"orthographic":false}