{"cameraMode":{"drawMode":0,"name":"Shaded","section":"Shading Mode"},"sceneLighting":false,"audioPlay":false,"sceneViewState":{"showFog":true,"showMaterialUpdate":false,"showSkybox":false,"showFlares":true,"showImageEffects":true,"showParticleSystems":true},"in2DMode":false,"pivot":{"x":-0.857346773147583,"y":0.6520004272460938,"z":-0.02226194739341736},"rotation":{"x":0.023739444091916086,"y":0.9762960076332092,"z":-0.1523580402135849,"w":0.15203329920768739},"size":0.4820079505443573,"orthographic":false}