{"cameraMode":{"drawMode":0,"name":"Shaded","section":"Shading Mode"},"sceneLighting":false,"audioPlay":false,"sceneViewState":{"showFog":true,"showMaterialUpdate":false,"showSkybox":false,"showFlares":true,"showImageEffects":true,"showParticleSystems":true},"in2DMode":false,"pivot":{"x":-0.00000762939453125,"y":-0.000003814697265625,"z":0.0},"rotation":{"x":0.06326815485954285,"y":-0.006859924178570509,"z":0.00045525369932875037,"w":0.9980011582374573},"size":14.22800350189209,"orthographic":true}