{"cameraMode":{"drawMode":0,"name":"Shaded","section":"Shading Mode"},"sceneLighting":false,"audioPlay":false,"sceneViewState":{"showFog":true,"showMaterialUpdate":false,"showSkybox":false,"showFlares":true,"showImageEffects":true,"showParticleSystems":true},"in2DMode":false,"pivot":{"x":19.85089874267578,"y":-55.576515197753909,"z":130.67572021484376},"rotation":{"x":-0.20101213455200196,"y":-0.06255023181438446,"z":0.01286480575799942,"w":-0.9775102138519287},"size":78.24778747558594,"orthographic":false}