{"cameraMode":{"drawMode":0,"name":"Shaded","section":"Shading Mode"},"sceneLighting":false,"audioPlay":false,"sceneViewState":{"showFog":true,"showMaterialUpdate":false,"showSkybox":false,"showFlares":true,"showImageEffects":true,"showParticleSystems":true},"in2DMode":false,"pivot":{"x":0.03721556067466736,"y":0.8092473149299622,"z":0.16381466388702393},"rotation":{"x":-0.035206668078899387,"y":0.744009792804718,"z":-0.03932946175336838,"w":-0.6660945415496826},"size":1.5762850046157838,"orthographic":false}